分类	文件	大小KB	状态
01-数学地基	MIT18.06-线性代数-Strange讲义索引.html	46	已就绪
01-数学地基	MIT18.100A-实分析完整讲义.pdf	797	已就绪
01-数学地基	凸优化-Boyd教材全文.pdf	6720	已就绪
01-数学地基	凸优化习题集-官方附加题.pdf	1657	已就绪
01-数学地基	斯坦福EE364a-凸优化课程页.html	3	已就绪
02-概率与随机分析	Durrett-概率论与实例-第5版作者公开稿.pdf	2144	已就绪
02-概率与随机分析	MIT15.450-金融分析讲义索引.html	53	已就绪
02-概率与随机分析	MIT18.05-概率统计导论课程页.html	69	已就绪
02-概率与随机分析	MIT18.175-概率论讲义索引.html	90	已就绪
02-概率与随机分析	MIT18.S096-金融数学专题讲义索引.html	59	已就绪
02-概率与随机分析	MIT6.041-概率系统分析讲义索引.html	58	已就绪
02-概率与随机分析	MIT6.262-离散随机过程讲义索引.html	78	已就绪
03-统计与机器学习	CMU-统计书籍目录.html	6	已就绪
03-统计与机器学习	MIT18.650-应用统计讲义索引.html	53	已就绪
03-统计与机器学习	南瓜书-机器学习公式详解-v2.pdf	3828	已就绪
03-统计与机器学习	南瓜书-机器学习公式详解.pdf	5	已就绪
03-统计与机器学习	概率机器学习-ProbML-Book1.pdf	11786	已就绪
03-统计与机器学习	概率机器学习-ProbML-Book1发布页.html	443	已就绪
03-统计与机器学习	神经网络与深度学习-邱锡鹏-v2.pdf	7409	已就绪
03-统计与机器学习	统计学习基础-ESL-中文版.pdf	7949	已就绪
04-金融与量化研究	AlmgrenChriss2000-最优执行.pdf	324	已就绪
04-金融与量化研究	AvellanedaStoikov2008-高频做市.pdf	423	已就绪
04-金融与量化研究	FamaFrench-因子数据说明.html	239	已就绪
04-金融与量化研究	JaneStreet-谜题存档.html	23	已就绪
04-金融与量化研究	WorldQuant-BRAIN-因子平台.html	2	已就绪
04-金融与量化研究	中国A股指数与行业分类说明.html	19	已就绪
04-金融与量化研究	论文-深度学习时序综述-arXiv1609.02890.pdf	218	已就绪
04-金融与量化研究	论文-量化交易机器学习综述-arXiv1905.01332.pdf	1868	已就绪
04-金融与量化研究	论文-金融NLP综述-arXiv2112.08534.pdf	1047	已就绪
05-中文公开资料	GluonTS-概率时间序列库说明.md	5	已就绪
05-中文公开资料	MIT-OCW-金融课程搜索页.html	9	已就绪
05-中文公开资料	北大数院-教学培养页.html	42	已就绪
06-中文概率与随机分析	_本目录说明.md	0	已就绪
06-中文概率与随机分析	_讲义目录索引.md	14	已就绪
06-中文概率与随机分析	北大数院-应用随机分析讲义-lectnote23-1.pdf	1421	已就绪
06-中文概率与随机分析	北大数院-应用随机分析讲义-lectnote24-1.pdf	1495	已就绪
06-中文概率与随机分析	北大数院-应用随机分析讲义-lectnote25-2.pdf	2130	已就绪
06-中文概率与随机分析	北大数院-应用随机分析讲义-lectnote25-3.pdf	10671	已就绪
06-中文概率与随机分析	复旦-概率论专题讲义-条件数学期望.pdf	1148	已就绪
06-中文概率与随机分析	复旦-概率论专题讲义-独立同分布.pdf	930	已就绪
06-中文概率与随机分析	复旦-测度论与概率论专题讲义-性质与证明.pdf	907	已就绪
